"folks","said","daikon","paste","treat","cytokine","storm","","","","","","","","","",""
"world","wrong","side","history","year","hopefully","biggest","","effort","","","","","","","",""
"","sputnikv","","","moderna","","russian","vaccine","created","last","","","years","","","",""
"facts","immutable","senator","even","ethically","sturdy","enough","","","born","","","","","","",""
"explain","need","vaccine","","","","","","","","","","","","","",""
"anyone","useful","advice","guidance","whether","covid","vaccine","safe","whilst","","","","","","","",""
"","","claim","fame","success","","patriotic","","","canada","","","","","","",""
"many","bright","days","","best","","","winning","","","","","","","","",""
"covid","vaccine","getting","","","","moderna","","","","","","","","","",""
"","states","start","getting","","monday","","says","pakustv","","","","","","","",""
"deaths","closing","","","mark","millions","people","wait","","vaccine","first","","","","","",""
"cnnbrk","","","vaccine","corona","","bbcnews","nytimes","bbcnews","best","wishes","","","","","",""
"agency","also","released","","","health","care","providers","patients","","shipped","millions","","","","",""
"women","","providers","asking","safety","","","","","","","","","","","",""
"expect","","sites","across","states","receive","vaccine","monday","another","","sites","tuesday","said","offic","","",""
"trump","announces","vaccine","rollout","less","","hours","first","americans","","","","","","","",""
"updated","","","","","part","","","","britain","december","","","","","",""
"","iran","reports","","","","cases","","deaths","last","","hours","iran","","","",""
"","","","","","","","","","","","","","","","",""
"pfizer","rake","billions","expensive","","","refuses","","price","lowe","","","","","","",""
"trump","","failed","deliver","vaccine","promises","shocker","covidiots","","","","","","","","",""
"much","","","paid","approve","sudden","","money","makes","world","","around","vaccine","","","",""
"anyone","wondering","","","approval","","people","getting","","","","","","","","",""
"trump","announces","vaccine","rollout","less","","hours","first","americans","","","","","","","",""
"","food","drug","","","granted","emergency","","","pfizer","","mrna","","","","",""
"","","medical","news","","past","week","want","miss","","","","","","","",""
"","","done","","nhsuk","mhragovuk","","pfizer","making","","dream","poss","","","","",""
"wear","mask","wash","hands","remain","socially","distant","possible","stayhome","","","","","","","",""
"","","","approval","","style","","approve","vaccine","","","","","","","",""
"","detailed","article","showing","well","tested","","","help","","","","","","","",""
"vaccine","","","","","","pfizer's","covid","","belong","","","","","","",""
"zubymusic","","deaths","","death","nothing","worry","","","","","","","","","",""
